,nominee,WinGG,WinBAFTA,WinSAG
0,False,False,False,True
1, Topol,True,False,False
2,3 Men and a Cradle,False,False,False
"3,""4 Months, 3 Weeks And 2 Days"",False,False,False"
4,A Fantastic Woman,False,False,False
5,A Prophet (Un Prophete),False,False,False
6,A Royal Affair,False,False,False
7,A Separation,True,False,False
8,A Very Long Engagement,False,False,False
9,Aaron Eckhart,False,False,False
10,Aaron Taylor-Johnson,True,False,False
11,Abbey Lincoln,False,False,False
12,Adam Beach,False,False,False
13,Adam Driver,False,False,False
14,Adam Faith,False,False,False
15,Adam Sandler,False,False,False
16,Adolph Caesar,False,False,False
17,Adriana Barraza,False,False,False
18,Adrien Brody,False,False,False
19,Adrienne Barbeau,False,False,False
20,Agnes Moorehead,True,False,False
21,Aileen Quinn,False,False,False
22,Aimee Jaguar,False,False,False
23,Akim Tamiroff,True,False,False
24,Akira Kurosawa's Dreams,False,False,False
25,Al Pacino,True,True,True
26,Alan Alda,True,False,False
27,Alan Arkin,True,False,True
28,Alan Bates,False,False,True
29,Alan Rickman,True,True,True
30,Alan Thicke,False,False,False
31,Alastair Sim,False,False,False
32,Albert Brooks,False,False,False
33,Albert Finney,True,True,True
34,Alberto Sordi,True,False,False
35,Alec Baldwin,True,False,True
36,Alec Guinness,True,True,False
37,Alec McCowen,False,False,False
38,Alex Borstein,False,False,True
39,Alexander Knox,True,False,False
40,Alexandra Pigg,False,False,False
41,Alfie Bass,False,False,False
42,Alfre Woodard,True,False,True
43,Alfred Lutter,False,False,False
"44,""Alfredo, Alfredo"",False,False,False"
45,Ali MacGraw,True,False,False
46,Ali McGraw,False,False,False
47,Alicia Silverstone,False,False,False
48,Alicia Vikander,False,False,True
49,Alida Valli,False,False,False
50,Alison Brie,False,False,True
51,All About My Mother,True,False,False
52,All The Mornings of The World,False,False,False
53,Allison Janney,True,True,True
54,Allison Tolman,False,False,False
55,Allyce Beasley,False,False,False
56,Amanda Blake,False,False,False
57,Amanda Donohoe,True,False,False
58,Amanda Plummer,False,False,False
59,Amarcord,False,False,False
60,Amber Tamblyn,False,False,False
61,America Ferrera,True,False,True
62,Amores Perros,False,False,False
63,Amour,True,False,False
64,Amy Adams,True,False,True
65,Amy Brenneman,False,False,False
66,Amy Irving,False,False,True
67,Amy Madigan,True,False,False
68,Amy Poehler,True,False,False
69,Amy Ryan,False,False,True
70,Amy Schumer,False,False,False
71,Amelie,False,False,False
72,Ana de Armas,False,False,False
73,And Now My Love,False,False,False
74,Andie MacDowell,False,False,False
75,Andre Braugher,False,False,False
76,Andrea Marcovicci,False,False,False
77,Andrew Garfield,False,False,False
78,Andrew Strong,False,False,False
79,Andy Garcia,False,False,False
80,Andy Samberg,True,False,False
81,Angel Tompkins,False,False,False
82,Angela Bassett,True,False,True
83,Angela Lansbury,True,False,True
84,Angelina Jolie,True,False,True
85,Angie Dickinson,True,False,False
86,Anita Ekberg,True,False,False
87,Anita Skinner,False,False,False
88,Anjelica Huston,True,False,False
89,Ann Dowd,False,False,False
90,Ann Jillian,True,False,False
91,Ann Sothern,False,False,False
92,Ann Todd,False,False,False
93,Ann Turkel,False,False,False
94,Ann-Margret,True,False,False
95,Anna Calder Marshall,False,False,False
96,Anna Friel,False,False,False
97,Anna Kendrick,False,False,False
98,Anna Magnani,True,True,False
99,Anna Paquin,True,False,False
100,Anne Archer,False,False,False
101,Anne Bancroft,True,True,False
102,Anne Baxter,True,False,False
103,Anne Ditchburn,False,False,False
104,Anne Hathaway,True,False,True
105,Anne Heywood,False,False,False
106,Anne Jeffreys,False,False,False
107,Anne Meara,False,False,False
108,Anne Ramsey,False,False,False
109,Annette Bening,True,False,True
110,Annette Crosbie,False,False,False
111,Annette O'Toole,False,False,False
112,Annie Girardot,False,False,False
113,Annie Potts,False,False,False
115,Anouk Aimee,True,True,False
116,Ansel Elgort,False,False,False
117,Anthony Anderson,False,False,False
118,Anthony Andrews,True,False,True
119,Anthony Edwards,True,False,True
120,Anthony Franciosa,True,False,False
121,Anthony Hancock,False,False,False
122,Anthony Hopkins,False,True,False
123,Anthony LaPaglia,True,False,False
124,Anthony Quayle,False,False,False
125,Anthony Quinn,False,False,False
126,Anthony Ray,False,False,False
127,Antonio Banderas,False,False,False
128,Apocalypto,False,False,False
"129,""Apprenticeship of Duddy Kravitz, The"",False,False,False"
130,Archie Panjabi,False,False,False
131,Armand Assante,False,False,False
132,Armie Hammer,False,False,False
133,Arnold Schwarzenegger,False,False,False
134,Art Carney,True,False,False
135,Art Garfunkel,False,False,False
136,Artemisia,False,False,False
137,Arthur Kennedy,True,False,False
138,Arthur Lowe,False,True,False
139,Ashley Judd,False,False,False
"140,""Assault, The"",True,False,False"
141,Atlantic City,False,False,False
142,Audra Lindley,False,False,False
143,Audrey Hepburn,True,True,True
144,Augusta Dabney,False,False,False
145,Autumn Sonata,True,False,False
146,Ava Gardner,False,False,False
147,Awkwafina,True,False,False
148,Aziz Ansari,True,False,False
149,Baara,False,False,False
150,Babette's Feast,False,False,False
151,Balzac and The Little Chinese Seamstress,False,False,False
152,Barbara Bel Geddes,False,False,False
153,Barbara Carrera,False,False,False
154,Barbara Eden,False,False,False
155,Barbara Ferris,False,False,False
156,Barbara Hancock,False,False,False
157,Barbara Harris,False,False,False
158,Barbara Hershey,True,False,False
159,Barbara Jefford,False,False,False
160,Barbara Mandrell,False,False,False
161,Barbara Rush,True,False,False
162,Barbara Sigel,False,False,False
163,Barbara Stanwyck,True,False,True
164,Barbara Windsor,False,False,False
165,Barbra Streisand,True,False,False
166,Barkhad Abdi,False,False,False
167,Barry Fitzgerald,True,False,False
168,Barry Newman,False,False,False
169,Barry Pepper,False,False,False
170,Beah Richards,False,False,False
171,Beanie Feldstein,False,False,False
172,Beatrice Arthur,False,False,False
173,Beau Bridges,True,False,False
174,Behind The Sun,False,False,False
175,Bella Darvi,True,False,False
176,Ben Affleck,False,False,True
177,Ben Johnson,True,True,False
178,Ben Kingsley,True,True,True
179,Ben Platt,False,False,False
180,Benedict Cumberbatch,False,False,False
181,Benicio Del Toro,False,True,True
182,Benicio del Toro,True,False,False
183,Bernadette Peters,True,False,False
184,Bernard Cribbins,False,False,False
185,Bernie Mac,False,False,False
186,Beryl Reid,False,False,False
187,Beth Howland,False,False,False
188,Betsy Blair,False,True,False
189,Bette Davis,False,False,False
190,Bette Midler,True,False,False
191,Betty Blue,False,False,False
192,Betty Garrett,True,False,False
193,Betty White,False,False,True
194,Beverly D'Angelo,False,False,False
195,Beyonce,False,False,False
196,Bibi Andersson,False,False,False
197,Bill Cosby,True,False,False
198,Bill Hader,False,False,False
199,Bill Murray,True,False,False
200,Bill Nighy,True,False,False
201,Bill Paxton,False,False,True
202,Billie Whitelaw,False,True,False
203,Billy Bob Thornton,True,False,False
204,Billy Crystal,False,False,False
205,Billy Porter,False,False,False
206,Bing Crosby,False,False,False
207,Bitty Schram,False,False,False
208,Biutiful,False,False,False
209,Bizet's Carmen,False,False,False
210,Bjurk,False,False,False
211,Blair Brown,False,False,True
212,Blue is the Warmest Color,False,False,False
213,Blythe Danner,False,False,False
214,Bo Derek,False,False,False
215,Bob Hope,False,False,True
216,Bob Hoskins,True,True,False
217,Bob Newhart,False,False,False
218,Bob Odenkirk,False,False,True
219,Bobby Darin,False,False,False
220,Body Heat,False,False,False
221,Bombshell,False,False,False
222,Bonnie Bedelia,False,False,False
223,Bonnie Franklin,False,False,False
224,Bonnie Hunt,False,False,False
225,Brad Davis,False,False,False
226,Brad Dourif,False,True,False
227,Brad Pitt,True,True,True
228,Bradley Cooper,False,False,True
229,Breaker Morant,False,False,False
230,Brenda Blethyn,True,False,False
231,Brenda De Banzie,False,False,False
232,Brenda Fricker,False,False,False
233,Brenda Vaccaro,True,False,False
234,Brendan Gleeson,False,False,False
235,Brett Butler,False,False,False
236,Brian Cox,True,False,False
237,Brian Dennehy,True,False,True
238,Bridget Fonda,False,False,False
239,Brie Larson,True,True,True
240,Brigitte Bardot,False,False,False
241,Broderick Crawford,True,False,False
242,Broken Embraces,False,False,False
243,Brooke Shields,False,False,False
244,Brother of Sleep,False,False,False
245,Bruce Davison,True,False,False
246,Bruce Dern,False,False,False
247,Bruce Willis,True,False,False
248,Bryan Cranston,True,False,True
249,Bryce Dallas Howard,False,False,True
250,Bud Cort,False,False,False
251,Burgess Meredith,False,False,False
252,Burl Ives,True,False,False
253,Burt Lancaster,True,True,True
254,Burt Reynolds,True,False,False
255,Berenice Bejo,False,False,False
"256,""Cage aux Folles, La"",True,False,False"
257,Caitriona Balfe,False,False,False
258,Calista Flockhart,True,False,True
259,Callie Thorne,False,False,False
260,Cameron Diaz,False,False,False
261,Camilla Sparv,True,False,False
262,Camille Claudel,False,False,False
263,Camryn Manheim,True,False,False
"264,""Canada, Mark Rydell"",True,False,False"
"265,""Canada, Paul Almond"",False,False,False"
266,Candice Bergen,True,False,False
267,Cantinflas,True,False,False
268,Capernaum,False,False,False
269,Cara Williams,False,False,False
270,Carey Mulligan,False,False,False
271,Carl Anderson,False,False,False
272,Carmen,False,False,False
273,Carol Burnett,True,False,True
274,Carol Channing,True,False,False
275,Carol Kane,False,False,False
276,Carol Lynley,False,False,False
277,Carolyn Jones,True,False,False
278,Carrie Snodgress,True,False,False
279,Carroll Baker,True,False,False
280,Carroll O'Connor,True,False,False
281,Cary Grant,False,False,False
282,Casey Affleck,True,True,False
283,Cate Blanchett,True,False,True
284,Catherine Deneuve,False,False,False
285,Catherine Keener,False,False,False
286,Catherine Zeta-Jones,False,False,True
287,Cathy Moriarty,False,False,False
288,Cathy Tyson,False,False,False
289,Cecilia Peck,False,False,False
290,Celeste Holm,True,False,False
291,Celia Johnson,False,True,False
292,Celia Kaye,True,False,False
293,Central Station,True,False,False
294,Cesar Romero,False,False,False
295,Chad Everett,False,False,False
296,Chariots of Fire,True,False,False
297,Charles Boyer,False,False,False
298,Charles Durning,False,False,True
299,Charles Grodin,False,False,False
300,Charles Laughton,False,False,False
301,Charles S. Dutton,False,False,False
302,Charlie Sheen,True,False,False
303,Charlize Theron,True,False,True
304,Charlotte Coleman,False,False,False
305,Charlotte Rampling,False,False,False
306,Charlton Heston,False,False,True
307,Cher,True,False,False
308,Chevy Chase,False,False,False
309,Chief Dan George,False,False,False
310,Chiwetel Ejiofor,False,False,False
311,Chloe Sevigny,True,False,False
312,Chris Cooper,True,False,True
313,Chris O'Donnell,False,False,False
314,Chrissy Metz,False,False,True
315,Christian Bale,True,False,True
316,Christina Applegate,False,False,False
317,Christina Ricci,False,False,False
318,Christine Baranski,False,False,True
319,Christine Kaufmann,True,False,False
320,Christine Lahti,True,False,False
321,Christoph Waltz,True,False,True
322,Christopher Abbott,False,False,False
323,Christopher Plummer,True,False,True
324,Christopher Reeve,False,True,True
325,Christopher Walken,False,False,True
326,Cicely Tyson,False,False,True
327,Cillian Murphy,False,False,False
328,Cindy Robbins,False,False,False
329,Cindy Williams,False,False,False
330,Cinema Paradiso,True,False,False
331,City of God,False,False,False
332,Claire Danes,True,False,True
333,Claire Foy,True,False,True
334,Clark Gable,False,False,False
335,Claude Laydu,False,False,False
336,Claudette Colbert,True,False,False
337,Claudia McNeil,False,False,False
338,Cleavon Little,False,False,False
339,Cliff Robertson,False,False,False
340,Clifton Webb,True,False,False
341,Clive Owen,True,False,True
342,Clive Revill,False,False,False
343,Cloris Leachman,True,True,False
344,Close to Eden,False,False,False
345,Colette Marchand,True,False,False
346,Colin Blakely,False,False,False
347,Colin Farrell,True,False,False
348,Colin Firth,True,False,True
349,Colin Welland,False,True,False
350,Colm Meaney,False,False,False
351,Colonel Redl,False,False,False
352,Connie Britton,False,False,False
353,Connie Sellecca,False,False,False
354,Constance Wu,False,False,False
355,Corbin Bernsen,False,False,False
356,Cordula Trantow,False,False,False
357,Cornell Borchers,False,True,False
358,Courteney Cox,False,False,True
359,Courtney B. Vance,False,False,False
360,Courtney Love,False,False,False
"361,""Cousin, Cousine"",False,False,False"
362,Craig T. Nelson,False,False,False
"363,""Crouching Tiger, Hidden Dragon"",True,False,False"
364,Cra Cuervos,False,False,False
365,Cuba Gooding Jr.,False,False,False
366,Curt Jurgens,False,False,False
367,Cybill Shepherd,True,False,False
368,Cynthia Erivo,False,False,False
369,Cynthia Gibb,False,False,False
370,Cynthia Nixon,False,False,True
371,Cyrano De Bergerac (1990),True,False,False
372,Cyril Delevanti,False,False,False
"373,""Czechoslovakia, Jir=Weiss"",False,False,False"
374,Dabney Coleman,True,False,True
375,Daliah Lavi,False,False,False
376,Damian Lewis,True,False,False
377,Dan Dailey,True,False,False
378,Dana Delaney,False,False,False
379,Dana Wynter,True,False,False
380,Dangerous Curves (UK),True,False,False
381,Dangerous Moves,False,False,False
382,Daniel Auteuil,False,True,False
383,Daniel Benzali,False,False,False
384,Daniel Brahl,False,False,False
385,Daniel Craig,False,False,False
386,Daniel Day-Lewis,True,True,True
387,Daniel J. Travanti,True,False,False
388,Daniel Kaluuya,False,False,True
389,Daniel Massey,True,False,False
390,Daniela Rocca,False,False,False
391,Danielle Brisebois,False,False,False
392,Danny Aiello,False,False,False
393,Danny DeVito,False,False,False
394,Danny Kaye,True,False,True
395,Danny Thomas,False,False,False
396,Dark Eyes,False,False,False
397,Darleen Carr,False,False,False
398,Darren Criss,True,False,True
399,Das Boot,False,False,False
400,David Bradley,False,True,False
401,David Brian,False,False,False
402,David Carradine,False,False,False
403,David Caruso,True,False,False
404,David Duchovny,True,False,False
405,David Essex,False,False,False
406,David Frost,False,False,False
407,David Hartman,False,False,False
408,David Keith,False,False,False
409,David Kossoff,False,False,False
410,David Ladd,False,False,False
411,David Niven,True,False,False
412,David Oyelowo,False,False,False
413,David Paymer,False,False,False
414,David Strathairn,False,False,False
415,David Suchet,False,False,False
416,David Warner,False,False,False
417,Day for Night,False,False,False
418,Dean Jones,False,False,False
419,Dean Martin,False,False,False
420,Dean Stockwell,False,False,False
421,Death on the Nile,False,False,False
422,Debbie Allen,True,False,False
423,Debbie Reynolds,False,False,True
424,Deborah Kerr,False,False,False
425,Deborah Raffin,False,False,False
426,Debra Messing,False,False,True
427,Debra Winger,False,False,False
"428,""Deep End, The"",False,False,False"
429,Della Reese,False,False,False
430,Delores Taylor,False,False,False
431,Delphine Seyrig,False,False,False
432,Demi Moore,False,False,False
433,Denholm Elliott,False,True,False
434,Denis Leary,False,False,False
435,Denise Nicholas,False,False,False
436,Dennis Christopher,False,True,False
437,Dennis Franz,True,False,True
438,Dennis Hopper,False,False,False
439,Dennis Quaid,False,False,True
440,Denzel Washington,True,False,True
441,Derek Jacobi,False,False,True
442,Dev Patel,False,True,True
443,Dexter Gordon,False,False,False
444,Diahann Carroll,False,False,False
445,Diana Rigg,False,False,False
446,Diana Ross,True,False,False
447,Diane Baker,False,False,False
448,Diane Keaton,True,True,False
449,Diane Ladd,True,True,False
450,Diane Lane,False,False,False
451,Diane Varsi,True,False,False
452,Diane Venora,False,False,False
453,Dianne Wiest,True,False,True
454,Dick Van Dyke,False,False,True
455,Dinah Shore,False,False,False
456,Dirk Bogarde,False,True,False
457,Divines,False,False,False
458,Djimon Hounsou,False,False,False
459,Dolly Parton,False,False,False
460,Dom De Luise,False,False,False
461,Dominic Guard,False,True,False
462,Dominic West,False,False,True
463,Don Cheadle,True,False,True
464,Don Johnson,True,False,False
465,Dona Flor and Her Two Husbands,False,False,False
466,Donald Glover,True,False,False
467,Donald O'Connor,True,False,False
468,Donald Sutherland,False,False,False
469,Donald Wolfit,False,False,False
470,Donna Butterworth,False,False,False
471,Donna Pescow,False,False,False
472,Dora Bryan,False,True,False
473,Doris Day,False,False,False
474,Dorothy Allison,False,False,False
475,Dorothy Dandridge,False,False,False
476,Dorothy Malone,False,False,False
477,Dorothy Tutin,False,False,False
478,Dr Haing S Ngor,False,True,False
479,Drea de Matteo,False,False,False
"480,""Dream of Passion, A"",False,False,False"
481,Drew Barrymore,True,False,True
482,Dudley Moore,True,False,False
483,Duncan Macrae,False,False,False
484,Dustin Hoffman,True,True,False
485,Dyan Cannon,True,False,False
486,Dylan McDermott,True,False,False
487,ET: The Extra-Terrestrial,False,False,False
488,Earl Holliman,True,False,False
489,East/West,False,False,False
490,Eat Drink Man Woman,False,False,False
491,Ed Asner,True,False,False
492,Ed Begley,False,False,False
493,Ed Harris,True,False,True
494,Ed O'Neill,False,False,True
495,Ed Wynn,False,False,False
496,Eddie Albert,False,False,False
497,Eddie Murphy,True,False,True
498,Eddie Redmayne,True,False,True
499,Edgar Ramirez,False,False,False
500,Edie Falco,True,False,True
501,Edith Evans,True,True,False
502,Edmond O'Brien,True,False,False
503,Edmund Gwenn,True,False,False
504,Educating Rita,False,False,False
505,Edward Albert,False,False,False
506,Edward Fox,False,True,False
507,Edward James Olmos,False,False,False
508,Edward Norton,True,False,True
509,Edward Woodward,True,False,False
510,Edwige Feuillire,False,False,False
511,Efrem Zimbalist Jr.,False,False,False
512,Eileen Atkins,False,False,True
513,Eileen Brennan,True,False,False
514,Eileen Heckart,True,False,False
515,Eleanor Parker,False,False,False
516,Elena Verdugo,False,False,False
517,Eli Wallach,False,False,False
518,Elisabeth Moss,True,False,True
519,Elisabeth Shue,False,False,False
520,Elizabeth Ashley,False,False,False
521,Elizabeth Hartman,True,False,False
522,Elizabeth McGovern,False,False,False
523,Elizabeth Montgomery,False,False,False
524,Elizabeth Perkins,False,False,False
525,Elizabeth Spriggs,False,False,False
526,Elizabeth Taylor,True,True,True
527,Elke Sommer,True,False,False
528,Ella Lambetti,False,False,False
529,Elle,True,False,False
530,Ellen Barkin,False,False,False
531,Ellen Burstyn,True,True,False
532,Ellen Corby,True,False,False
533,Ellen DeGeneres,False,False,False
534,Ellen Page,False,False,False
535,Ellen Pompeo,False,False,True
536,Elliott Gould,False,False,False
537,Elsa Lanchester,True,False,False
538,Elsie Fisher,False,False,False
539,Emily Blunt,True,False,True
540,Emily Lloyd,False,False,False
541,Emily McLaughlin,False,False,False
542,Emily Watson,False,False,True
543,Emma Stone,True,True,True
544,Emma Thompson,True,True,False
545,Emmanuelle Riva,False,False,False
546,Emmy Rossum,False,False,False
547,Eric McCormack,False,False,False
548,Eric Roberts,False,False,False
549,Eric Stoltz,False,False,False
550,Erich von Stroheim,False,False,False
551,Erik Estrada,False,False,False
552,Ernest Borgnine,True,True,True
553,Estelle Getty,True,False,False
554,Estelle Hemsley,False,False,False
555,Estelle Parsons,False,False,False
556,Esther Rolle,False,False,False
557,Ethan Hawke,False,False,False
558,Europa Europa,True,False,False
"559,""Europeans, The"",False,False,False"
560,Eva Dahlbeck,False,False,False
561,Eva Green,False,False,False
562,Eva Longoria,False,False,True
563,Eva Marie Saint,False,False,False
564,Evan Rachel Wood,False,False,False
565,Evangeline Lilly,False,False,True
566,Everlasting Moments,False,False,False
567,Ewa Aulin,False,False,False
568,Ewan McGregor,True,False,False
569,Eyes of Children,True,False,False
570,F Murray Abraham,False,False,False
571,F. Murray Abraham,True,False,False
572,Face to Face,True,False,False
573,Faith Ford,False,False,False
574,Fanny & Alexander,True,False,False
575,Farewell My Concubine,True,False,False
"576,""Farewell, The"",False,False,False"
577,Farinelli: Il Castrato,True,False,False
578,Farrah Fawcett,False,False,False
579,Fay Bainter,False,False,False
580,Faye Dunaway,True,True,False
581,Felicity Huffman,True,False,True
582,Felicity Jones,False,False,False
"583,""Femme Nikita, La"",False,False,False"
584,Fernanda Montenegro,False,False,False
585,First They Killed My Father,False,False,False
586,Fitzcarraldo,False,False,False
587,Flight of the Innocent,False,False,False
588,Flip Wilson,True,False,False
589,Force Majeure,False,False,False
590,Forest Whitaker,True,False,True
591,Fran Drescher,False,False,False
592,France Nuyen,False,False,False
"593,""France, Michel Deville"",False,False,False"
"594,""France, Terence Young"",False,False,False"
595,Frances Conroy,True,False,True
596,Frances McDormand,True,True,False
597,Frances O'Connor,False,False,False
598,Francesco Golisano,False,False,False
599,Franco Citti,False,False,False
600,Frank Finlay,False,False,False
601,Frank Langella,False,False,False
602,Frank Sinatra,True,False,True
603,Frankie Muniz,False,False,False
604,Frankie Shaw,False,False,False
605,Franrier,False,True,False
606,Francois Truffaut,False,False,False
607,Fred Astaire,True,True,False
608,Fred MacMurray,False,False,False
609,Fred Savage,False,False,False
610,Freddie Highmore,False,False,False
611,Freddie Prinze,False,False,False
612,Frederic Forrest,False,False,False
613,Fredric March,True,False,False
614,French Twist,False,False,False
615,Gabourey Sidibe,False,False,False
616,Gabriel Byrne,True,False,False
617,Gabriella Pallotta,False,False,False
618,Gael Garci­a Bernal,True,False,False
619,Gail Fisher,True,False,False
620,Gallipoli,False,False,False
621,Gandhi,True,True,False
622,Garry Shandling,False,False,False
623,Gary Busey,False,False,False
624,Gary Cooper,True,False,False
625,Gary Grimes,False,False,False
626,Gary Lewis,False,False,False
627,Gary Oldman,True,True,True
628,Gary Sinise,True,False,True
629,Gavin MacLeod,False,False,False
630,Geena Davis,True,False,False
631,Gena Rowlands,True,False,False
632,Gene Hackman,True,True,True
633,Gene Kelly,False,False,True
634,Gene Wilder,False,False,False
635,Genevieve,True,False,False
636,Genevieve Bujold,True,False,False
637,Geoffrey Rush,True,False,True
638,George C Scott,False,False,False
639,George C. Scott,True,False,False
640,George Chakiris,True,False,False
641,George Clooney,True,False,True
642,George Hamilton,False,False,False
643,George Kennedy,False,False,False
644,George Peppard,False,False,False
645,George Sanders,False,False,False
646,George Segal,True,False,False
647,George Wilson,False,False,False
648,Georgia Brown,False,False,False
649,Georgia Engel,False,False,False
650,Georgina Hale,False,True,False
651,Geraldine Chaplin,False,False,False
652,Geraldine Page,True,True,False
653,Gerard Depardieu,False,False,False
654,Get Out Your Handkerchiefs,False,False,False
655,Gett: The Trial of Viviane Amsalem,False,False,False
656,Gig Young,True,False,False
657,Gilbert Roland,False,False,False
658,Gillian Anderson,True,False,True
659,Gina Lollobrigida,False,False,False
660,Gina Rodriguez,True,False,False
661,Ginger & Fred,False,False,False
662,Girl,False,False,False
663,Giulietta Masina,False,False,False
664,Gladys Knight,False,False,False
665,Glen Campbell,False,False,False
666,Glenda Jackson,True,True,False
667,Glenn Close,True,False,True
668,Glenn Ford,True,False,False
669,Gloria Grahame,False,False,False
670,Gloria Reuben,False,False,True
671,Gloria Stuart,False,False,True
672,Gloria Swanson,True,False,False
673,Glynis Johns,False,False,False
674,Goldie Hawn,True,False,False
675,Gomorrah,False,False,False
676,Good Bye Lenin!,False,False,False
"677,""Goodbye, Children"",False,False,False"
678,Gordon Jackson,False,False,False
679,Gordon Sinclair,False,False,False
680,Grace Kelly,True,False,False
681,Grayson Hall,False,False,False
682,Greer Garson,True,False,False
683,Greg Kinnear,False,False,True
684,Gregory Peck,True,False,True
685,Gregory Rozakis,False,False,False
686,Greta Baldwin,False,False,False
687,Greta Gerwig,False,False,False
688,Greta Scacchi,False,False,False
"689,""Grey Fox, The"",False,False,False"
690,Griffin Dunne,False,False,False
691,Gunnar Burnstrand,False,False,False
692,Gwen Welles,False,False,False
693,Gwyneth Paltrow,True,False,True
694,Gerard Depardieu,True,False,False
695,Hailee Steinfeld,False,False,False
696,Haing S. Ngor,True,False,False
697,Hal Linden,False,False,False
698,Haley Joel Osment,False,False,False
699,Halle Berry,True,False,True
700,Hannah Taylor Gordon,False,False,False
701,Hanussen,False,False,False
702,Harold J. Stone,False,False,False
703,Harold Lloyd,False,False,False
704,Harriet Andersson,False,False,False
705,Harrison Ford,False,False,False
706,Harry Andrews,False,False,False
707,Harry Guardino,False,False,False
708,Harry Hamlin,False,False,False
709,Harvey Keitel,False,False,False
710,Harvey Korman,False,False,False
711,Hayden Christensen,False,False,False
712,Hayden Panettiere,False,False,False
713,Hayley Atwell,False,False,False
714,Hayley Mills,True,False,False
715,Hayley Squires,False,False,False
716,Heath Ledger,True,False,True
717,Heather Locklear,False,False,False
718,Heather Sears,False,True,False
719,Hector Elizondo,False,False,False
720,Hedda,False,False,False
721,Helen Hayes,False,False,False
722,Helen Hunt,True,False,True
723,Helen Mirren,True,False,True
724,Helen Reddy,False,False,False
725,Helena Bonham Carter,False,False,True
726,Helena Kallianiotes,False,False,False
727,Henry Fonda,True,True,False
728,Henry Gibson,False,False,False
729,Henry Winkler,True,False,False
730,Hermione Baddeley,True,False,False
731,Hermione Gingold,True,False,False
732,Hero,False,False,False
733,Herschel Bernardi,False,False,False
734,High Heels,False,False,False
735,Hilary Swank,True,False,True
736,Holly Hunter,True,True,False
737,Hong Chau,False,False,False
738,Hope Davis,False,False,False
739,Hope Lange,False,False,False
740,House of Flying Daggers,False,False,False
741,Howard Da Silva,False,False,False
742,Howard E. Rollins Jr.,False,False,False
743,Hugh Bonneville,False,False,True
744,Hugh Grant,True,True,False
745,Hugh Griffith,False,False,False
746,Hugh Jackman,True,False,False
747,Hugh Laurie,True,False,True
748,Humphrey Bogart,False,False,False
749,I Am Love,False,False,False
750,I've Loved You So Long,False,False,False
751,IS Johar,False,False,False
752,Ian Bannen,False,False,False
753,Ian Hendry,False,False,False
754,Ian Holm,False,True,True
755,Ian McKellen,False,False,False
756,Ian McShane,True,False,False
757,Ida,False,False,False
758,Ida Kaminska,False,False,False
759,Idris Elba,True,False,True
760,Imelda Staunton,False,False,True
761,In A Better World,True,False,False
762,In The Fade,True,False,False
763,In The Land Of Blood And Honey,False,False,False
764,Ina Balin,True,False,False
765,Indochine,True,False,False
766,Inga Swenson,False,False,False
767,Ingrid Bergman,True,True,False
768,Ingrid Thulin,False,False,False
769,Innokenti Smoktunovsky,False,False,False
770,Irene Bedard,False,False,False
771,Irene Cara,False,False,False
772,Irene Miracle,True,False,False
773,Irene Worth,False,True,False
774,Irene Jacob,False,False,False
775,Isabel Sanford,False,False,False
776,Isabella Rossellini,False,False,False
777,Isabelle Huppert,True,True,False
778,Issa Rae,False,False,False
"779,""Italy, Franco Zeffirelli"",True,False,False"
"780,""Italy, Mikhail Kalatozov"",False,False,False"
781,J. Carroll Naish,True,False,False
782,J.K. Simmons,True,False,True
783,Jack Black,False,False,False
784,Jack Gilford,False,False,False
785,Jack Hawkins,False,False,False
786,Jack Klugman,True,False,False
787,Jack Lemmon,True,True,True
788,Jack Nicholson,True,True,True
789,Jack Palance,True,False,False
790,Jack Warden,False,False,False
791,Jack Weston,False,False,False
792,Jack Wild,False,False,False
793,Jacki Weaver,False,False,False
794,Jackie Gleason,False,False,False
795,Jacke Harry,False,False,False
796,Jaclyn Smith,False,False,False
797,Jacqueline Bisset,True,False,False
798,Jaime Pressly,False,False,False
799,Jake Gyllenhaal,False,False,False
800,James Brolin,True,False,True
801,James Caan,False,False,False
802,James Coco,False,False,False
803,James Dean,False,False,False
804,James Earl Jones,False,False,True
805,James Fox,False,True,False
806,James Franco,True,False,False
807,James Gandolfini,True,False,True
808,James Garner,True,False,True
809,James Hayter,False,False,False
810,James Mason,True,False,False
811,James McAvoy,False,False,False
812,James Nesbitt,False,False,False
813,James Spader,False,False,False
814,James Stewart,True,False,True
815,James Whitmore,True,False,False
816,James Woods,True,False,False
817,Jamie Bell,False,True,False
818,Jamie Foxx,True,False,True
819,Jamie Lee Curtis,True,True,False
820,Jan Niklas,False,False,False
821,Jan Sterling,True,False,False
822,Jan-Michael Vincent,False,False,False
823,Jane Adams,False,False,False
824,Jane Alexander,False,False,False
825,Jane Asher,False,False,False
826,Jane Curtin,False,False,False
827,Jane Fonda,True,True,False
828,Jane Horrocks,False,False,False
829,Jane Kaczmarek,False,False,False
830,Jane Krakowski,False,False,True
831,Jane Leeves,False,False,True
832,Jane Lynch,True,False,True
833,Jane Morrow,False,False,False
834,Jane Seymour,True,False,False
835,Jane Wyman,True,False,False
836,Janet Leigh,True,False,False
837,Janet Margolin,False,False,False
838,Janet McTeer,True,False,False
839,Janet Munro,True,False,False
840,Janet Suzman,False,False,False
841,Janine Turner,False,False,False
842,January Jones,False,False,True
"843,""Japan, Keith Larsen, Koji Senno, Nobuaki Shirai"",False,False,False"
844,Jared Harris,False,False,True
845,Jared Leto,True,False,True
846,Jason Bateman,True,False,False
847,Jason Isaacs,False,False,False
848,Jason Lee,False,False,False
849,Jason Priestley,False,False,False
850,Jason Robards,False,False,False
851,Jason Robards Jr.,False,False,False
852,Javier Bardem,True,False,True
853,Jaye Davidson,False,False,False
854,Jayne Mansfield,True,False,False
855,Jean De Florette,False,False,False
856,Jean Desailly,False,False,False
857,Jean Dujardin,True,False,True
858,Jean Gabin,False,False,False
859,Jean Marsh,False,False,False
860,Jean Seberg,False,False,False
861,Jean Simmons,False,False,False
862,Jean Stapleton,True,False,False
863,Jean-Paul Belmondo,False,False,False
864,Jean-Pierre Laud,False,False,False
865,Jeanne Moreau,False,True,False
866,Jeannette Clift,False,False,False
867,Jeannie Berlin,False,False,False
868,Jeff Bridges,True,False,True
869,Jeff Daniels,False,False,False
870,Jeffrey Jones,False,False,False
871,Jeffrey Tambor,True,False,True
872,Jena Malone,False,False,False
873,Jenna Elfman,True,False,False
874,Jennie Linden,False,False,False
875,Jennifer Aniston,True,False,True
876,Jennifer Beals,False,False,False
877,Jennifer Connelly,True,False,False
878,Jennifer Garner,True,False,True
879,Jennifer Grey,False,False,False
880,Jennifer Hudson,True,False,True
881,Jennifer Jason Leigh,False,False,False
882,Jennifer Jones,True,False,False
883,Jennifer Kendal,False,False,False
884,Jennifer Lawrence,True,False,True
885,Jennifer Lopez,False,False,False
886,Jennifer Love Hewitt,False,False,False
887,Jenny Agutter,False,True,False
888,Jeremy Irons,True,False,True
889,Jeremy Kemp,False,False,False
890,Jeremy Renner,False,False,True
891,Jerry Lewis,False,False,False
892,Jerry Seinfeld,True,False,True
893,Jesse Eisenberg,False,False,False
894,Jessica Alba,False,False,False
895,Jessica Biel,False,False,False
896,Jessica Chastain,True,False,True
897,Jessica Lange,True,False,True
898,Jessica Tandy,True,True,False
899,Jessica Walter,False,False,False
900,Jessie Buckley,False,False,False
901,Jesus of Montreal,False,False,False
902,Jill Clayburgh,False,False,False
903,Jill Eikenberry,True,False,False
904,Jill Haworth,False,False,False
905,Jim Broadbent,True,False,False
906,Jim Carrey,True,False,False
907,Jim Dale,False,False,False
908,Jim Metzler,False,False,False
909,Jim Nabors,False,False,False
910,Jim Parsons,True,False,True
911,Jimmy Durante,False,False,False
912,Jimmy Smits,True,False,True
913,JoBeth Williams,False,False,False
914,Joan Allen,False,False,False
915,Joan Blondell,False,False,False
916,Joan Collins,True,False,False
917,Joan Crawford,False,False,False
918,Joan Cusack,False,False,False
919,Joan Greenwood,False,False,False
920,Joan Hackett,True,False,False
921,Joan Plowright,True,False,False
922,Joanna Barnes,False,False,False
923,Joanna Cassidy,True,False,False
924,Joanna Pacula,False,False,False
925,Joanne Froggatt,True,False,True
926,Joanne Woodward,True,True,True
927,Joaquin Phoenix,True,True,True
928,Jocelyn Lagarde,True,False,False
929,Jodie Comer,False,False,False
930,Jodie Foster,True,True,True
931,Joe Pesci,False,True,False
932,Joel Edgerton,False,False,False
933,Joel Grey,True,True,False
934,Joely Fisher,False,False,False
935,Joely Richardson,False,False,False
936,Joey Heatherton,False,False,False
937,Joey King,False,False,False
938,Joey Lauren Adams,False,False,False
939,John C. Reilly,False,False,True
940,John Cameron Mitchell,False,False,False
941,John Cassavetes,False,False,False
942,John Cazale,False,False,False
943,John Cleese,False,True,False
944,John Cusack,False,False,False
945,John David Washington,False,False,False
946,John Forsythe,True,False,False
947,John Fraser,False,False,False
948,John Gielgud,True,True,False
949,John Goodman,True,False,True
950,John Hannah,False,False,False
951,John Hawkes,False,False,True
952,John Houseman,True,False,False
953,John Hurt,True,True,False
954,John Huston,True,False,False
955,John Leguizamo,False,False,False
956,John Lithgow,True,False,True
957,John Lone,False,False,False
958,John Malkovich,False,False,False
959,John Marley,False,False,False
960,John McEnery,False,False,False
961,John Mills,True,False,False
962,John Ritter,True,False,False
963,John Saxon,False,False,False
964,John Thaw,False,False,False
965,John Travolta,True,False,False
966,John Turturro,False,False,False
967,John Wayne,True,False,False
968,Johnny Carson,False,False,False
969,Johnny Depp,True,False,True
970,Johnny Galecki,False,False,False
971,Jojo Rabbit,False,False,False
972,Jon Hamm,True,False,True
973,Jon Voight,True,True,False
974,Jonah Hill,False,False,False
975,Jonathan Pryce,False,False,False
976,Jonathan Rhys Meyers,True,False,False
977,Jonathan Winters,False,False,False
978,Joseph Gordon-Levitt,False,False,False
979,Joseph Schildkraut,False,False,False
980,Joseph Welch,False,False,False
981,Josephine Hull,True,False,False
982,Josette Banzet,True,False,False
983,Joss Ackland,False,False,False
984,Jose Ferrer,True,False,False
986,Joyce Redman,False,False,False
987,Joyeux Noel (Merry Christmas),False,False,False
988,Juanita Moore,False,False,False
989,Judd Hirsch,True,False,False
990,Judd Nelson,False,False,False
991,Jude Law,False,False,False
992,Judi Dench,True,True,True
993,Judith Light,False,False,False
994,Judy Davis,True,True,True
995,Judy Garland,False,False,False
996,Judy Holliday,False,False,False
997,Julia Duffy,False,False,False
998,Julia Louis-Dreyfus,True,False,True
999,Julia Roberts,True,True,True
1000,Julia Stiles,False,False,False
1001,Julian McMahon,False,False,False
1002,Julianna Margulies,True,False,True
1003,Julianne Moore,True,False,True
1004,Julie Andrews,True,True,True
1005,Julie Christie,True,True,True
1006,Julie Delpy,False,False,False
1007,Julie Gholson,False,False,False
1008,Julie Harris,False,False,False
1009,Julie Kavner,False,False,False
1010,Julie London,False,False,False
1011,Julie Newmar,False,False,False
1012,Julie Sommars,True,False,False
1013,Julie Walters,True,True,False
1014,Juliet Mills,False,False,False
1015,Juliet Stevenson,False,False,False
1016,Juliette Binoche,False,False,False
1017,Juliette Lewis,False,False,False
1018,June Squibb,False,False,False
1019,Justin Henry,False,False,False
1020,Justine Bateman,False,False,False
1021,Justiz,False,False,False
1022,Kagemusha (The Shadow Warrior),False,False,False
1023,Kaitlyn Dever,False,False,False
1024,Karen Black,True,False,False
1025,Karen Sharpe,True,False,False
1026,Karen Valentine,False,False,False
1027,Karl Malden,False,False,True
1028,Karuna Banerjee,False,False,False
1029,Kate Hudson,True,False,False
1030,Kate Jackson,False,False,False
1031,Kate Mulgrew,False,False,True
1032,Kate Nelligan,False,True,False
1033,Kate Reid,False,False,False
1034,Kate Winslet,True,True,True
1035,Katey Sagal,True,False,False
1036,Katharine Hepburn,False,True,True
1037,Katharine Houghton,False,False,False
1038,Katharine Ross,True,True,False
1039,Katherine Healy,False,False,False
1040,Katherine Heigl,False,False,True
1041,Katherine Helmond,True,False,False
1042,Katherine Langford,False,False,False
1043,Kathleen Beller,False,False,False
1044,Kathleen Quinlan,False,False,True
1045,Kathleen Turner,True,False,False
1046,Kathy Baker,True,False,True
1047,Kathy Bates,True,False,True
1048,Katie Johnson,False,True,False
1049,Katina Paxinou,True,False,False
1050,Katy Jurado,True,False,False
1051,Kay Lenz,False,False,False
1052,Kay Walsh,False,False,False
1053,Kaye Stevens,False,False,False
1054,Kazablan,False,False,False
1055,Keir Dullea,False,False,False
1056,Keira Knightley,False,False,False
1057,Kelly MacDonald,False,False,False
1058,Kelly McGillis,False,False,False
1059,Kelsey Grammer,True,False,True
1060,Ken Olin,False,False,False
1061,Ken Wahl,True,False,False
1062,Ken Watanabe,False,False,False
1063,Kenneth Branagh,False,False,False
1064,Kenneth Moore,False,False,False
1065,Kenneth More,False,True,False
1066,Keri Russell,True,False,False
1067,Kerry Washington,False,False,False
1068,Kevin Anderson,False,False,False
1069,Kevin Bacon,True,False,True
1070,Kevin Connolly,False,False,False
1071,Kevin Costner,True,False,True
1072,Kevin Kline,False,False,True
1073,Kevin Spacey,True,False,True
1074,Kiefer Sutherland,True,False,True
1075,Kieran Culkin,False,False,False
1076,Kim Basinger,True,False,True
1077,Kim Cattrall,True,False,True
1078,Kim Darby,False,False,False
1079,Kim Delaney,False,False,False
1080,Kim Hunter,True,False,False
1081,Kim Novak,True,False,False
1082,Kim Stanley,False,False,False
1083,Kirk Douglas,True,False,True
1084,Kirsten Dunst,False,False,True
1085,Kirstie Alley,True,False,False
1086,Kit Harington,False,False,False
1087,Klaus Maria Brandauer,True,False,False
1088,Kolya,True,False,False
1089,Kon Tiki,False,False,False
1090,Kris Kristofferson,True,False,False
1091,Kristen Bell,False,False,False
1092,Kristen Johnston,False,False,False
1093,Kristen Wiig,False,False,False
1094,Kristin Davis,False,False,True
1095,Kristin Scott Thomas,False,True,True
1096,Kristy McNichol,False,False,False
1097,Kung Fu Hustle,False,False,False
1098,Kurt Kasznar,False,False,False
1099,Kurt Russell,False,False,False
1100,Kyle MacLachlan,True,False,False
1101,Kyra Sedgwick,True,False,False
1102,Lacombe Lucien,False,False,False
1103,Lady Gaga,True,False,False
1104,Lainie Kazan,False,False,False
1105,Lance Henriksen,False,False,False
1106,Lane Smith,False,False,False
1107,Larry David,False,False,False
1108,Larry Hagman,False,False,False
"1109,""Last Metro, The"",False,False,False"
1110,Laura Dern,True,False,True
1111,Laura Leighton,False,False,False
1112,Laura Linney,True,False,True
1113,Laura San Giacomo,False,False,False
1114,Lauren Bacall,True,False,True
1115,Lauren Graham,False,False,False
1116,Lauren Tewes,False,False,False
1117,Laurence Fishburne,False,False,False
1118,Laurence Harvey,False,False,False
1119,Laurence Olivier,True,True,False
1120,Laurie Metcalf,False,False,False
1121,Lea,False,False,False
1122,Lea Michele,False,False,True
1123,Lee Grant,False,False,False
1124,Lee J. Cobb,False,False,False
1125,Lee Kinsolving,False,False,False
1126,Lee Majors,False,False,False
1127,Lee Marvin,True,True,False
1128,Lee Meriwether,False,False,False
1129,Lee Pace,False,False,False
1130,Lee Remick,True,False,False
1131,Lee Tracy,False,False,False
1132,Leelee Sobieski,False,False,False
1133,Leigh Taylor-Young,False,False,False
1134,Lelia Goldoni,False,False,False
1135,Lemon Popsicle,False,False,False
1136,Lena Dunham,True,False,False
1137,Lena Headey,False,False,False
1138,Lena Olin,False,False,False
1139,Leonardo DiCaprio,True,True,False
1140,Les Misrables,True,False,False
1141,Lesley Ann Warren,True,False,False
1142,Lesley Manville,False,False,False
1143,Lesley Warren,False,False,False
1144,Lesley-Anne Down,False,False,False
1145,Leslie Browne,False,False,False
1146,Leslie Caron,True,True,False
1147,Leslie Parish,False,False,False
1148,Leslie Uggams,False,False,False
1149,Letters from Iwo Jima,True,False,False
1150,Leviathan,True,False,False
1151,Liam Neeson,False,False,False
1152,Lies My Father Told Me,True,False,False
1153,Liev Schreiber,False,False,True
1154,Like Two Crocodiles,False,False,False
1155,Like Water for Chocolate,False,False,False
1156,Lila Kedrova,False,False,False
1157,Lili Palmer,False,False,False
1158,Lilia Skala,False,False,False
1159,Lilli Palmer,False,False,False
1160,Lillian Gish,False,False,False
1161,Lily Collins,False,False,False
1162,Lily Tomlin,False,False,False
1163,Lin-Manuel Miranda,False,False,False
1164,Linda Blair,True,False,False
1165,Linda Cristal,True,False,False
1166,Linda Evans,True,False,False
1167,Linda Fiorentino,False,False,False
1168,Linda Gray,False,False,False
1169,Linda Hamilton,False,False,False
1170,Linda Hunt,False,False,False
1171,Linda Kelsey,False,False,False
1172,Linda Kozlowski ,False,False,False
1173,Linda Lavin,True,False,False
1174,Linda Marsh,False,False,False
1175,Linda Ronstadt,False,False,False
1176,Lindsay Wagner,False,False,False
1177,Linus Roache,False,False,False
1178,Lionel Jeffries,False,False,False
1179,Lisa Blount,False,False,False
1180,Lisa Eichhorn,False,False,False
1181,Lisa Kudrow,False,False,True
1182,Liselotte Pulver,False,False,False
1183,Little Women,False,False,False
1184,Liv Ullman,False,False,False
1185,Liv Ullmann,True,False,False
1186,Liz Smith,False,True,False
1187,Liz Torres,False,False,False
1188,Liza Minnelli,True,True,False
1189,Lloyd Haines,False,False,False
1190,Lois Maxwell,True,False,False
1191,Lola Falana,False,False,False
1192,Loni Anderson,False,False,False
1193,Loretta Swit,False,False,False
1194,Loretta Young,True,False,False
1195,Lorraine Bracco,False,False,True
1196,Lost in Siberia,False,False,False
1197,Lotte Lenya,False,False,False
1198,Lou Diamond Phillips,False,False,False
1199,Louis C.K.,False,False,True
1200,Louis Calhern,False,False,False
1201,Louis Gossett Jr.,True,False,False
1202,Louis Jourdan,False,False,False
1203,Louise Fletcher,True,True,False
1204,Loveless,False,False,False
1205,Lucas Hedges,False,False,True
1206,Lucie Arnaz,False,False,False
1207,Lucille Ball,False,False,False
1208,Lucy Gutteridge,False,False,False
1209,Luna e l'Altra,False,False,False
1210,Lupita Nyong'o,False,False,False
"1211,""Lust, Caution"",False,False,False"
1212,Lynda Day George,False,False,False
1213,Lynn Carlin,False,False,False
1214,Lynn Redgrave,True,False,False
1215,Lynn Whitfield,False,False,False
1216,Lynn-Holly Johnson,False,False,False
1217,Ma Vie en Rose,True,False,False
1218,Macaulay Culkin,False,False,False
"1219,""Mad Adventures of 'Rabbi' Jacob, The"",False,False,False"
1220,Madame Bovary,False,False,False
1221,Madame Rosa,False,False,False
1222,Madeleine Stowe,False,False,False
1223,Madeline Kahn,False,False,False
1224,Madonna,True,False,False
1225,Maggie Gyllenhaal,True,False,False
1226,Maggie Smith,True,True,True
1227,Mahershala Ali,True,True,True
1228,Mako,False,False,False
1229,Malcolm McDowell,False,False,False
1230,Malana,False,False,False
"1231,""Man from Snowy River, The"",False,False,False"
1232,Mandy Moore,False,False,True
1233,Mandy Patinkin,False,False,False
1234,Marcel Mouloudji,False,False,False
1235,Marcello Mastroianni,True,True,False
1236,Marcia Cross,False,False,True
1237,Mare Winningham,False,False,False
1238,Marg Helgenberger,False,False,True
1239,Margaret Johnson,False,False,False
1240,Margaret Leighton,False,True,False
1241,Margaret Lockwood,False,False,False
1242,Margaret Rutherford,True,False,False
1243,Margot Robbie,False,False,False
1244,Maria Aitken,False,False,False
1245,Maria Bello,False,False,True
1246,Maria Schell,False,False,False
1247,Marianne Jean-Baptiste,False,False,False
1248,Marianne McAndrew,False,False,False
1249,Marie Gomez,False,False,False
1250,Marie Powers,False,False,False
1251,Mariel Hemingway,False,False,False
1252,Mariette Hartley,False,False,False
1253,Marilu Henner,False,False,False
1254,Marilyn Hassett,True,False,False
1255,Marilyn Monroe,False,False,False
1256,Marina Vlady,False,False,False
1257,Marion Cotillard,True,False,False
1258,Marion Ross,False,False,False
1259,Marisa Berenson,False,False,False
1260,Marisa Pavan,True,False,False
1261,Marisa Tomei,False,False,False
1262,Mariska Hargitay,True,False,False
1263,Marjorie Main,False,False,False
1264,Mark Harmon,False,False,False
1265,Mark Ruffalo,False,False,True
1266,Mark Rylance,False,True,False
1267,Mark Wahlberg,False,False,False
1268,Marla Gibbs,False,False,False
1269,Marlee Matlin,True,False,False
1270,Marlene Dietrich,False,False,False
1271,Marlo Thomas,False,False,False
1272,Marlon Brando,True,True,False
1273,Marriage Story,False,True,False
"1274,""Marriage of Maria Braun, The"",False,False,False"
1275,Marsha Mason,True,False,False
1276,Martha Raye,False,False,True
1277,Marthe Keller,False,False,False
1278,Martin Balsam,False,False,False
1279,Martin Freeman,False,False,True
1280,Martin Landau,True,False,True
1281,Martin Sheen,True,False,True
1282,Marty Feldman,False,False,False
1283,Mary Ann Mobley,True,False,False
1284,Mary Costa,False,False,False
1285,Mary Elizabeth Mastrantonio,False,False,False
1286,Mary J. Blige,False,False,False
1287,Mary McDonnell,False,False,False
1288,Mary Steenburgen,True,False,True
1289,Mary Tyler Moore,True,False,True
1290,Mary Ure,False,False,False
1291,Mary Wimbush,False,False,False
1292,Mary-Louise Parker,True,False,False
1293,Marybeth Hurt,False,False,False
1294,Massimo Troisi,False,False,False
1295,Matt Damon,True,False,False
1296,Matt Dillon,False,False,True
1297,Matt LeBlanc,True,False,False
1298,Matthew Broderick,False,False,False
1299,Matthew Fox,False,False,True
1300,Matthew McConaughey,True,False,False
1301,Matthew Modine,False,False,True
1302,Matthew Morrison,False,False,True
1303,Matthew Perry,False,False,True
1304,Matthew Rhys,False,False,False
1305,Maura McGiveney,False,False,False
1306,Maura Tierney,True,False,False
1307,Maureen Lipman,False,False,False
1308,Maureen Stapleton,True,True,False
1309,Maurice Chevalier,False,False,False
1310,Maurice Denham,False,False,False
1311,Max Adrian,False,False,False
1312,Max von Sydow,False,False,False
1313,Maximilian Schell,True,False,False
1314,Meg Ryan,False,False,False
1315,Meg Tilly,True,False,False
1316,Megan Mullally,False,False,True
1317,Mel Brooks,False,False,False
1318,Mel Gibson,False,False,False
1319,Mel Harris,False,False,False
1320,Melanie Griffith,True,False,False
1321,Melanie Mayron,False,False,False
1322,Melina Mercouri,False,False,False
1323,Melinda Dillon,False,False,False
1324,Melissa George,False,False,False
1325,Melissa Gilbert,False,False,False
1326,Melissa Leo,True,False,True
1327,Melissa McCarthy,False,False,False
1328,Melvyn Douglas,True,False,False
1329,Men With Guns,False,False,False
1330,Mercedes McCambridge,True,False,False
1331,Mercedes Ruehl,True,False,False
1332,Merritt Wever,False,False,False
1333,Merv Griffin,False,False,False
1334,Meryl Streep,True,True,True
1335,Mia Farrow,True,False,False
1336,Michael C. Hall,True,False,True
1337,Michael Caine,True,True,True
1338,Michael Chiklis,True,False,False
1339,Michael Clarke Duncan,False,False,False
1340,Michael Constantine,False,False,False
1341,Michael Craig,False,False,False
1342,Michael Crawford,False,False,False
1343,Michael Douglas,True,False,True
1344,Michael Ealy,False,False,False
1345,Michael Elphick,False,False,False
1346,Michael Fassbender,False,False,True
1347,Michael Gambon,False,False,True
1348,Michael Gough,False,False,False
1349,Michael Hordern,False,False,False
1350,Michael J Pollard,False,False,False
1351,Michael J. Fox,True,False,True
1352,Michael J. Pollard,False,False,False
1353,Michael Keaton,True,False,True
1354,Michael Landon,False,False,False
1355,Michael Learned,False,False,False
1356,Michael Lonsdale,False,False,False
1357,Michael Moriarty,True,False,False
1358,Michael Palin,False,True,False
1359,Michael Redgrave,False,False,False
1360,Michael Sarrazin,False,False,False
1361,Michael Shannon,False,False,True
1362,Michael Sheen,False,False,False
1363,Michael Stuhlbarg,False,False,True
1364,Michael Tucker,False,False,False
1365,Michelle Dockery,False,False,True
1366,Michelle Monaghan,False,False,False
1367,Michelle Pfeiffer,True,True,False
1368,Michelle Phillips,False,False,False
1369,Michelle Williams,True,False,True
1370,Michelle Yeoh,False,False,False
1371,Mickey Rooney,True,False,False
1372,Mickey Rourke,True,False,False
1373,Mike Connors,True,False,False
1374,Mikhail Baryshnikov,False,False,False
1375,Mila Kunis,False,False,False
1376,Milburn Stone,False,False,False
1377,Mildred Dunnock,False,False,False
1378,Millard Mitchell,True,False,False
1379,Milo O'Shea,False,False,False
1380,Minnie Driver,False,False,False
1381,Mira Sorvino,True,False,False
1382,Miranda Richardson,True,True,False
1383,Mireille Enos,False,False,False
1384,Miriam Hopkins,False,False,False
1385,Miriam Margolyes,False,True,False
1386,Mitch Vogel,False,False,False
1387,Miyoshi Umeki,False,False,False
1388,Mo'Nique,True,False,False
1389,Molly Ringwald,False,False,False
1390,Mona Washbourne,False,False,False
1391,Monica Potter,False,False,False
1392,Monica Vitti,False,False,False
1393,Monsieur Ibrahim,False,False,False
1394,Monsoon Wedding,False,False,False
1395,Montgomery Clift,False,False,False
1396,Morgan Fairchild,False,False,False
1397,Morgan Freeman,True,False,True
1398,Mos Def,False,False,False
1399,Murray Melvin,False,False,False
1400,Mustang,False,False,False
1401,My Brilliant Career,False,False,False
1402,My Life as a Dog,True,False,False
1403,My Uncle's Legacy,False,False,False
1404,Nancy Allen,False,False,False
1405,Nancy Kwan,True,False,False
1406,Nancy Marchand,True,False,True
1407,Nancy Walker,False,False,False
1408,Nanette Newman,False,False,False
1409,Naomi Watts,False,False,True
1410,Naomie Harris,False,False,False
1411,Nastassja Kinski,True,False,False
"1412,""Nasty Girl, The"",False,False,False"
1413,Natalie Portman,True,False,True
1414,Natalie Wood,True,False,False
1415,Natasha Lyonne,False,False,True
1416,Nathan Lane,False,False,True
1417,Ned Beatty,False,False,False
1418,Neil Diamond,False,False,False
1419,Neil Patrick Harris,False,False,False
1420,Nell Carter,False,False,False
1421,Neruda,False,False,False
1422,Never Look Away,False,False,False
1423,Neville Brand,False,False,False
1424,Nia Vardalos,False,False,False
1425,Nick Nolte,True,False,False
1426,Nicol Williamson,False,False,False
1427,Nicolas Cage,True,False,True
1428,Nicole Kidman,True,False,True
1429,Nicole Stephane,False,False,False
1430,Nicollette Sheridan,False,False,True
1431,Nigel Hawthorne,False,True,False
1432,Nigel Patrick,False,False,False
1433,Nikki Blonsky,False,False,False
1434,No Man's Land,True,False,False
1435,No Way Back,True,False,False
1436,Noelle Middleton,False,False,False
1437,Norma Aleandro,False,False,False
1438,Nowhere In Africa,False,False,False
1439,Octavia Spencer,True,False,True
"1440,""Official Story, The"",True,False,False"
1441,Olimpia Carlisi,False,False,False
1442,Oliver Reed,False,False,False
1443,Olivia Colman,True,True,False
1444,Olivia Hussey,True,False,False
1445,Olivia Newton-John,False,False,False
1446,Olivia de Havilland,True,False,False
1447,Olympia Dukakis,True,False,False
1448,Omar Sharif,True,False,False
1449,Once Upon a Time.. in Hollywood,False,False,False
1450,One Hundred Steps,False,False,False
1451,Oprah Winfrey,False,False,False
1452,Ordet,True,False,False
1453,Orson Welles,False,False,False
1454,Osama,True,False,False
1455,Oscar Homolka,False,False,False
1456,Oscar Isaac,True,False,False
1457,Oskar Werner,True,False,False
1458,Ossie Davis,False,False,True
1459,Otello,False,False,False
1460,Owen Wilson,False,False,False
1461,Pain and Glory,False,False,False
1462,Pam Grier,False,False,False
1463,Pamela Adlon,False,False,False
1464,Pamela Franklin,False,False,False
1465,Pamela Tiffin,False,False,False
1466,Pan's Labyrinth,False,False,False
1467,Paradise Now,True,False,False
1468,Parasite,True,False,False
1469,Pardon Mon Affaire,False,False,False
"1470,""Paris, Texas"",False,False,False"
1471,Park Overall,False,False,False
1472,Parker Posey,False,False,False
"1473,""Passage to India, A"",True,False,False"
1474,Pat Crowley,True,False,False
1475,Pat Heywood,False,False,False
1476,Pat Morita,False,False,False
1477,Patricia Arquette,True,False,False
1478,Patricia Clarkson,True,False,False
1479,Patricia Neal,True,True,False
1480,Patricia Richardson,False,False,False
1481,Patricia Wettig,True,False,False
1482,Patrick Dempsey,False,False,True
1483,Patrick Stewart,False,False,False
1484,Patrick Swayze,False,False,False
1485,Patrick Wilson,False,False,False
1486,Patty Duke,True,False,False
1487,Patty McCormack,False,False,False
1488,Paul Dano,False,False,True
1489,Paul Giamatti,True,False,True
1490,Paul Hogan,True,False,False
1491,Paul Le Mat,False,False,False
1492,Paul Lukas,True,False,False
1493,Paul Lynde,False,False,False
1494,Paul Mann,False,False,False
1495,Paul Newman,False,True,True
1496,Paul Reiser,False,False,False
1497,Paul Rudd,False,False,False
1498,Paul Scofield,True,True,False
1499,Pauline Collins,False,True,False
"1500,""Pedestrian, The"",True,False,False"
1501,Peggy Ashcroft,True,True,False
1502,Peggy Cass,False,False,False
1503,Peggy Lipton,True,False,False
1504,Peggy Wood,False,False,False
1505,Pelle The Conqueror,True,False,False
1506,Penelope Ann Miller,False,False,False
1507,Penny Marshall,False,False,False
1508,Penelope Cruz,False,False,False
1509,Persepolis,False,False,False
1510,Peter Egan,False,True,False
1511,Peter Falk,True,False,False
1512,Peter Finch,True,True,False
1513,Peter Firth,True,False,False
1514,Peter Fonda,True,False,False
1515,Peter Graves,True,False,False
1516,Peter Kastner,False,False,False
1517,Peter Krause,False,False,True
1518,Peter O'Toole,True,True,False
1519,Peter Sarsgaard,False,False,False
1520,Peter Sellers,True,True,False
1521,Peter Strauss,False,False,False
1522,Peter Ustinov,True,False,False
1523,Philip Anglim,False,False,False
1524,Philip Casnoff,False,False,False
1525,Philip Michael Thomas,False,False,False
1526,Philip Seymour Hoffman,True,False,True
1527,Philippe Noiret,False,True,False
1528,Phillipe Leroy,False,False,False
1529,Phoebe Waller-Bridge,True,False,True
1530,Phyllis Calvert,False,False,False
1531,Phyllis Logan,False,False,True
1532,Pia Degermark,False,False,False
1533,Pier Angeli,True,False,False
1534,Pierce Brosnan,False,False,False
1535,Pierre Brasseur,False,False,False
1536,Pierre Fresnay,False,False,False
1537,Piper Laurie,True,False,False
1538,Piper Perabo,False,False,False
1539,Pixote,False,False,False
1540,Polly Bergen,False,False,False
1541,Polly Holliday,True,False,False
1542,Polly Walker,False,False,False
1543,Portrait of a Lady on Fire,False,False,False
1544,Prisoner of the Mountains,False,False,False
1545,Pruenella Ransome,False,False,False
1546,Queen Latifah,True,False,True
1547,Queen Margot,False,False,False
1548,Quentin Dean,False,False,False
1549,Quest For Fire,False,False,False
1550,Quinn Cummings,False,False,False
1551,Quvenzhan Wallis,False,False,False
1552,R. Lee Ermey,False,False,False
1553,Rachel Bloom,True,False,False
1554,Rachel Brosnahan,True,False,True
1555,Rachel Griffiths,True,False,True
1556,Rachel Levin,False,False,False
1557,Rachel Roberts,False,True,False
1558,Rachel Ward,False,False,False
1559,Rachel Weisz,True,True,True
1560,Ralph Fiennes,False,True,False
1561,Ralph Richardson,False,True,False
1562,Rami Malek,True,True,True
1563,Ramy Youssef,True,False,False
1564,Ran,False,False,False
1565,Randy Quaid,True,False,False
1566,Raquel Welch,True,False,False
1567,Raul Julia,True,False,True
1568,Ray Liotta,False,False,False
1569,Ray McAnally,False,True,False
1570,Ray Milland,True,False,False
1571,Ray Romano,False,False,True
1572,Ray Sharkey,True,False,False
1573,Ray Stricklyn,False,False,False
1574,Ray Winstone,False,False,False
1575,Raymond Burr,False,False,False
1576,Reba McEntire,False,False,False
1577,Rebecca Ferguson,False,False,False
1578,Rebecca Hall,False,False,False
1579,Red Buttons,True,False,False
1580,Redd Foxx,True,False,False
1581,Reese Witherspoon,True,False,True
1582,Regina King,True,False,False
1583,Regina Taylor,True,False,False
1584,Renee Zellweger,True,True,False
1586,Repentance,False,False,False
1587,Requiem For Dominic,False,False,False
1588,Rex Harrison,True,False,False
1589,Rhea Perlman,False,False,False
1590,Richard Attenborough,True,True,False
1591,Richard Basehart,False,False,False
1592,Richard Benjamin,True,False,False
1593,Richard Beymer,False,False,False
1594,Richard Burton,True,True,False
1595,Richard Chamberlain,True,False,False
1596,Richard Crenna,False,False,False
1597,Richard Dreyfuss,True,True,False
1598,Richard E. Grant,False,False,True
1599,Richard Farnsworth,False,False,False
1600,Richard Gere,True,False,True
1601,Richard Harris,True,False,False
1602,Richard Hatch,False,False,False
1603,Richard Jenkins,False,False,False
1604,Richard Jordan,True,False,False
1605,Richard Kiley,True,False,False
1606,Richard Madden,True,False,False
1607,Richard Mulligan,True,False,False
1608,Richard Thomas,False,False,False
1609,Richard Todd,False,False,False
1610,Ricky Gervais,True,False,False
1611,Ricky/Rick Schroder,False,False,False
1612,Ridicule,False,False,False
1613,Riley Keough,False,False,False
1614,Rinko Kikuchi,False,False,False
1615,Rita Gam,False,False,False
1616,Rita Hayworth,False,False,False
1617,Rita Moreno,True,False,True
1618,Rita Tushingham,True,True,False
1619,River Phoenix,False,False,False
1620,Riz Ahmed,False,False,False
1621,Rob Lowe,True,False,True
1622,Rob Morrow,False,False,False
1623,Rob Reiner,False,False,False
1624,Robby Benson,False,False,False
1625,Robert Blake,True,False,False
1626,Robert Conrad,False,False,False
1627,Robert De Niro,True,False,True
1628,Robert Donat,False,False,False
1629,Robert Downey Jr.,True,True,False
1630,Robert Duvall,True,True,True
1631,Robert Guillaume,False,False,False
1632,Robert Mitchum,False,False,False
1633,Robert Morley,False,False,False
1634,Robert Preston,False,False,False
1635,Robert Redford,False,True,True
1636,Robert Ryan,False,False,False
1637,Robert Shaw,False,False,False
1638,Robert Urich,False,False,False
1639,Robert Vaughn,False,False,False
1640,Robert Wagner,False,False,False
1641,Robert Young,True,False,False
1642,Robin Williams,True,False,True
1643,Robin Wright,True,False,False
1644,Rod Steiger,True,True,False
1645,Roddy McDowall,False,False,False
1646,Rohini Hattangadi,False,True,False
1647,Roma,True,False,False
1648,Roma Downey,False,False,False
1649,Roman Griffin Davis,False,False,False
1650,Romola Garai,False,False,False
1651,Romy Schneider,False,False,False
1652,Ron Howard,True,False,False
1653,Ron Moody,True,False,False
1654,Ron Perlman,True,False,False
1655,Ronald Colman,True,False,False
1656,Ronee Blakley,False,False,False
1657,Rooney Mara,False,False,False
1658,Rosalind Russell,True,False,True
1659,Rosamund Pike,False,False,False
1660,Rosanna Arquette,False,True,False
1661,Rose Byrne,False,False,False
1662,Roseanne Barr,True,False,False
1663,Rosemary Forsyth,False,False,False
1664,Rosemary Harris,True,False,False
1665,Rosemary Leach,False,False,False
1666,Roshan Seth,False,False,False
1667,Rosie Perez,False,False,False
1668,Ross Martin,False,False,False
1669,Roxana Zal,False,False,False
1670,Roy Scheider,False,False,False
1671,Rue McClanahan,False,False,False
1672,Rupert Everett,False,False,True
1673,Russell Crowe,True,False,True
1674,Rust and Bone,False,False,False
1675,Rutger Hauer,False,False,False
1676,Ruth Buzzi,True,False,False
1677,Ruth Gordon,True,False,False
1678,Ruth Negga,False,False,False
1679,Ruth Roman,False,False,False
1680,Ruth Wilson,True,False,False
1681,Ryan Gosling,True,False,False
1682,Ryan O'Neal,False,False,False
1683,Ryan Reynolds,False,False,False
1684,S. Epatha Merkerson,True,False,True
1685,Sacha Baron Cohen,True,False,False
1686,Sada Thompson,False,False,False
1687,Saeed Jaffrey,False,False,False
1688,Sal Mineo,True,False,False
1689,Salaam Bombay!,False,False,False
1690,Sally Field,True,False,True
1691,Sally Hawkins,True,False,False
1692,Sally Kellerman,False,False,False
1693,Sally Kirkland,True,False,False
1694,Sally Struthers,False,False,False
1695,Sally Thomsett,False,False,False
1696,Salma Hayek,False,False,False
1697,Salvatore Cascio,False,True,False
1698,Sam Elliott,False,False,False
1699,Sam Neill,False,False,False
1700,Sam Rockwell,True,True,True
1701,Sam Shepard,False,False,False
1702,Sam Waterston,True,False,True
1703,Samantha Eggar,True,False,False
1704,Samantha Morton,True,False,False
1705,Sammi Davis-Voss,False,False,False
1706,Sammy Davis Jr.,False,False,False
1707,Samuel L Jackson,False,True,False
1708,Samuel L. Jackson,False,False,False
1709,Samuel West,False,False,False
1710,Sandahl Bergman,True,False,False
1711,Sandra Bullock,True,False,True
1712,Sandra Dee,True,False,False
1713,Sandra Oh,True,False,True
1714,Sandy Dennis,False,False,False
1715,Sandy Duncan,False,False,False
1716,Saoirse Ronan,True,False,False
1717,Sarah Hay,False,False,False
1718,Sarah Jessica Parker,True,False,True
1719,Sarah Michelle Gellar,False,False,False
1720,Sarah Miles,False,False,False
1721,Sarah Paulson,True,False,True
1722,Saverio Marconi,False,False,False
1723,Scarlett Johansson,False,False,False
1724,Scenes From a Marriage,True,False,False
1725,Schtonk!,False,False,False
1726,Scott Bakula,True,False,False
1727,Scott Wilson,False,False,False
1728,Sean Connery,True,True,False
1729,Sean Penn,True,False,True
1730,Sela Ward,True,False,False
1731,Selma Diamond,False,False,False
1732,Sessue Hayakawa,False,False,False
1733,Seven Beauties,False,False,False
1734,Shailene Woodley,False,False,False
1735,Shanghai Triad,False,False,False
1736,Sharon Gless,True,False,False
1737,Sharon Stone,True,False,False
1738,Sharon Tate,False,False,False
1739,Shelley Duvall,False,False,False
1740,Shelley Long,True,False,False
1741,Shelley Winters,True,False,False
1742,Sherilyn Fenn,False,False,False
1743,Sherman Hemsley,False,False,False
1744,Sherry Stringfield,False,False,True
1745,Shirley Booth,True,False,False
1746,Shirley Jones,False,False,False
1747,Shirley Knight,True,False,False
1748,Shirley MacLaine,True,True,False
1749,Shoplifters,False,False,False
1750,Sian Barbara Allen,False,False,False
1751,Sian Phillips,False,False,False
1752,Sidney Poitier,True,True,True
1753,Sienna Miller,False,False,False
1754,Sigourney Weaver,True,False,False
1755,Simon Baker,False,False,False
1756,Simon Callow,False,False,True
1757,Simon Helberg,False,False,False
1758,Simon Ward,False,False,False
1759,Simone Signoret,False,True,False
1760,Sissy Spacek,True,False,True
"1761,""Slipper and the Rose - The Story of Cinderella, The"",False,False,False"
1762,Small Change,False,False,False
1763,Sofia Vergara,False,False,True
1764,Soldier of Orange,False,False,False
1765,Son of Saul,True,False,False
1766,Sondra Locke,False,False,False
1767,Sonia Braga,False,False,False
"1768,""Sons, Mothers And A General"",True,False,False"
1769,Sophia Loren,False,True,False
1770,Sophie Okonedo,False,False,False
"1771,""Special Day, A"",True,False,False"
1772,Special Section,False,False,False
1773,Special Treatment,False,False,False
1774,Spencer Tracy,True,True,False
1775,Stacy Keach,True,False,False
1776,Stanley Baker,False,False,False
1777,Stanley Holloway,False,False,False
1778,Stanley Tucci,True,False,True
1779,State of Siege,False,False,False
1780,Stathis Giallelis,False,False,False
1781,Stefanie Powers,False,False,False
1782,Stella,True,False,False
1783,Stella Stevens,True,False,False
1784,Stephan James,False,False,False
1785,Stephanie Beacham,False,False,False
1786,Stephanie Zimbalist,False,False,False
1787,Stephen Boyd,True,False,False
1788,Stephen Fry,False,False,True
1789,Stephen Rea,False,False,False
1790,Sterling Hayden,False,False,False
1791,Sterling K. Brown,True,False,True
1792,Steve Buscemi,True,False,True
1793,Steve Carell,True,False,True
1794,Steve Coogan,False,False,False
1795,Steve Martin,False,False,False
1796,Steve McQueen,False,False,False
1797,Steven Bauer,False,False,True
1798,Stockard Channing,False,False,True
1799,Story of Women,False,False,False
1800,Stephane Audran,False,True,False
1801,Sue Ane Langdon,True,False,False
1802,Sue Lyon,True,False,False
"1803,""Sunday in the Country, A"",False,False,False"
1804,Susan Anton,False,False,False
1805,Susan Blakely,True,False,False
1806,Susan Clark,False,False,False
1807,Susan Dey,True,False,False
1808,Susan Flannery,True,False,False
1809,Susan Hayward,True,False,False
1810,Susan Howard,False,False,False
1811,Susan Kohner,True,False,False
1812,Susan Ruttan,False,False,False
1813,Susan Sarandon,False,True,True
1814,Susan St. James,False,False,False
1815,Susan Strasberg,False,False,False
1816,Susan Sullivan,False,False,False
1817,Susan Wooldridge,False,True,False
1818,Susannah York,False,True,False
1819,Suzanne Pleshette,False,False,False
1820,Suzanne Somers,False,False,False
1821,Swoosie Kurtz,False,False,False
1822,Sylvester Stallone,True,False,False
1823,Sylvia Sidney,True,False,False
1824,Sylvia Syms,False,False,False
1825,Sonia Braga,False,False,False
1826,Taina Elg,True,False,False
1827,Takashi Shimura,False,False,False
1828,Talia Shire,False,False,False
1829,Talk To Her,True,False,False
1830,Tammy Blanchard,False,False,False
1831,Tangerines,False,False,False
1832,Tango,False,False,False
1833,Tara Morice,False,False,False
1834,Taraji P. Henson,True,False,True
1835,Tarita,False,False,False
1836,Taron Egerton,True,False,False
1837,Tatiana Maslany,False,False,False
1838,Tatum O'Neal,True,False,False
1839,Tatyana Samojlova,False,False,False
1840,Taxi Blues,False,False,False
1841,Taylor Schilling,False,False,True
1842,Ted Danson,True,False,False
1843,Ted Neeley,False,False,False
1844,Telly Savalas,True,False,False
1845,Terence Stamp,False,False,False
1846,Teresa Graves,False,False,False
1847,Teri Hatcher,True,False,True
1848,Terrence Howard,False,False,True
1849,Terri Garr,False,False,False
1850,Terry Thomas,False,False,False
1851,Terry-Thomas,False,False,False
1852,Tess,True,False,False
1853,Tess Harper,False,False,True
1854,Thandie Newton,False,False,True
1855,That Obscure Object of Desire,False,False,False
1856,The Baader Meinhof Complex,False,False,False
1857,The Barbarian Invasions,False,False,False
1858,The Beatles,False,False,False
1859,The Best Man,False,False,False
1860,The Bicycle Thief,True,False,False
1861,The Brand New Testament,False,False,False
1862,The Celebration,False,False,False
1863,The Chorus,False,False,False
1864,The Club,False,False,False
1865,The Concert,False,False,False
1866,The Crime of Padre Amaro,False,False,False
1867,The Diving Bell and the Butterfly,True,False,False
1868,The Double Life of Veronique,False,False,False
1869,The Dresser,False,False,False
1870,The Edge,False,False,False
1871,The Eighth Day,False,False,False
1872,The Fallen Idol,False,False,False
1873,The Fencer,False,False,False
1874,The Flowers Of War,False,False,False
1875,The Girl on the Bridge,False,False,False
1876,The Great Beauty,True,False,False
1877,The Hunt,False,False,False
1878,The Intouchables,False,False,False
1879,The Kid With A Bike,False,False,False
1880,The Kite Runner,False,False,False
1881,The Lady Of The Camelias,True,False,False
1882,The Lives Of Others,False,False,False
1883,The Magic Flute,False,False,False
1884,The Maid (La Nana),False,False,False
1885,The Motorcycle Diaries,False,False,False
1886,The Past,False,False,False
1887,The Polish Bride,False,False,False
1888,The Promise (Master of the Crimson Armor),False,False,False
1889,The Red Violin,False,False,False
1890,The Return,False,False,False
1891,The Salesman,False,False,False
1892,The Sea Inside,True,False,False
1893,The Skin I Live In,False,False,False
1894,The Square,False,False,False
1895,The Wedding Banquet,False,False,False
1896,The White Ribbon (Das Weisse Band - Eine Deutsche Kindergeschichte),True,False,False
1897,The Widow of Saint-Pierre,False,False,False
1898,The Wind Rises,False,False,False
1899,Thelma Ritter,False,False,False
1900,Theresa Saldana,False,False,False
"1901,""Thief, The"",False,False,False"
1902,Thomas Gibson,False,False,False
1903,Thomas Haden Church,False,False,True
1904,Thomas Jane,False,False,False
1905,Thora Birch,False,False,True
1906,Three Colors: Red,False,False,False
1907,Three Colours: Blue (Trois couleurs: Bleu) ,False,False,False
1908,Tige Andrews,False,False,False
1909,Tilda Swinton,False,False,False
1910,Till Marriage Do Us Part,False,False,False
1911,Tim Allen,True,False,False
1912,Tim Robbins,True,False,True
1913,Tim Roth,False,True,False
1914,Timothee Chalamet,False,False,False
1915,Timothy Hutton,True,False,False
1916,Timothe Chalamet,False,False,False
1918,Tina Chen,False,False,False
1919,Tina Fey,True,False,True
1920,Tina Louise,True,False,False
1921,Tippi Hedren,True,False,False
1922,To Live,False,False,False
1923,Tobey Maguire,False,False,False
1924,Tobias Menzies,False,False,False
1925,Toby Jones,False,False,False
1926,Tom Baker,False,False,False
1927,Tom Berenger,True,False,False
1928,Tom Cavanagh,False,False,False
1929,Tom Conti,False,False,False
1930,Tom Courtenay,True,True,False
1931,Tom Cruise,True,False,False
1932,Tom Ewell,True,False,False
1933,Tom Hanks,True,False,True
1934,Tom Hiddleston,True,False,False
1935,Tom Hulce,False,False,False
1936,Tom Jones,False,False,False
1937,Tom Nardini,False,False,False
1938,Tom Selleck,True,False,False
1939,Tom Sizemore,False,False,False
1940,Tom Skerritt,False,False,False
1941,Tom Tryon,False,False,False
1942,Tom Wilkinson,False,False,True
1943,Tommy Lee Jones,True,False,True
1944,Toni Collette,True,False,True
1945,Toni Erdmann,False,False,False
1946,Tony Curtis,False,False,False
1947,Tony Danza,False,False,False
1948,Tony Randall,False,False,False
1949,Tony Shalhoub,True,False,True
1950,Toshiro Mifune,False,False,False
1951,Tracee Ellis Ross,True,False,False
1952,Tracey Ullman,True,False,True
"1953,""Traviata, La"",False,False,False"
1954,Treat Williams,False,False,False
1955,Trevor Howard,False,True,False
1956,Trish Van Devere,False,False,False
1957,Troy Garity,False,False,False
1958,Tsotsi,False,False,False
1959,Tuesday Weld,True,False,False
1960,Twenty-Four Eyes,True,False,False
1961,Twiggy,True,False,False
1962,Tyne Daly,True,False,False
1963,Ugo Tognazzi,False,False,False
1964,Uma Thurman,True,False,False
1965,United Kingdom,False,False,False
"1966,""United Kingdom, Basil Dearden"",False,False,False"
"1967,""United Kingdom, Brian Hutton"",False,False,False"
"1968,""United Kingdom, Bryan Forbes"",False,False,False"
"1969,""United Kingdom, Christopher Miles"",False,False,False"
"1970,""United Kingdom, Daniel Petrie"",False,False,False"
"1971,""United Kingdom, Desmond Davis"",True,False,False"
"1972,""United Kingdom, J. Lee Thompson"",True,False,False"
"1973,""United Kingdom, Jack Couffer"",False,False,False"
"1974,""United Kingdom, John Schlesinger"",True,False,False"
"1975,""United Kingdom, Joseph Losey"",False,False,False"
"1976,""United Kingdom, Joseph Strick"",False,False,False"
"1977,""United Kingdom, Karel Reisz"",False,False,False"
"1978,""United Kingdom, Ken Hughes"",True,False,False"
"1979,""United Kingdom, Ken Loach"",False,False,False"
"1980,""United Kingdom, Ken Russell"",True,False,False"
"1981,""United Kingdom, Laurence Olivier"",True,False,False"
"1982,""United Kingdom, Lewis Gilbert"",True,False,False"
"1983,""United Kingdom, Lindsay Anderson"",False,False,False"
"1984,""United Kingdom, Melvin Frank"",False,False,False"
"1985,""United Kingdom, Michael Sarne"",False,False,False"
"1986,""United Kingdom, Michael Winner"",False,False,False"
"1987,""United Kingdom, Michelangelo Antonioni"",False,False,False"
"1988,""United Kingdom, Paul Czinner"",False,False,False"
"1989,""United Kingdom, Peter Collinson"",False,False,False"
"1990,""United Kingdom, Peter Medak"",False,False,False"
"1991,""United Kingdom, Richard Attenborough"",True,False,False"
"1992,""United Kingdom, Richard Harris, Uri Zohar"",False,False,False"
"1993,""United Kingdom, Richard Lester"",False,False,False"
"1994,""United Kingdom, Robert Altman"",False,False,False"
"1995,""United Kingdom, Roy Ward Baker"",True,False,False"
"1996,""United Kingdom, Sidney J. Furie"",False,False,False"
"1997,""United Kingdom, Silvio Narizzano"",False,False,False"
"1998,""United Kingdom, Simon Trevor"",False,False,False"
"1999,""United Kingdom, Stuart Burge"",False,False,False"
2000,Ursula Andress,True,False,False
2001,Uzo Aduba,False,False,True
2002,Valentina Cortese,False,False,False
2003,Valentine Cortese,False,True,False
2004,Valerie Bertinelli,True,False,False
2005,Valerie Harper,True,False,False
2006,Valerie Perrine,False,True,False
2007,Van Heflin,False,False,False
2008,Vanessa Redgrave,True,False,True
2009,Vera Farmiga,False,False,False
2010,Vicki Lawrence,False,False,False
2011,Victor Banerjee,False,False,False
2012,Victor Buono,False,False,False
2013,Victor Sjostrom,False,False,False
2014,Victoria Principal,False,False,False
2015,Victoria Shaw,True,False,False
2016,Victoria Tennant,False,False,False
2017,Viggo Mortensen,False,False,True
2018,Ving Rhames,True,False,False
2019,Viola Davis,True,True,True
2020,Virginia Madsen,False,False,True
2021,Virginia Maskell,False,False,False
2022,Virginia McKenna,False,True,False
2023,Vivien Leigh,False,True,False
2024,Vivien Merchant,False,True,False
2025,Vladimir Ivashov,False,False,False
2026,Volver,False,False,False
2027,Wagner Moura,False,False,False
2028,Walter Huston,True,False,False
2029,Walter Matthau,True,True,False
2030,Waltz with Bashir,True,False,False
2031,Warren Beatty,True,False,False
2032,Wayne Rogers,False,False,False
2033,Wendie Malick,False,False,False
2034,Wendy Craig,False,False,False
2035,Wendy Hiller,False,False,False
2036,Wentworth Miller,False,False,False
2037,When Father Was Away on Business,False,False,False
2038,Whoopi Goldberg,True,True,False
2039,Wilfred Hyde-White,False,False,False
2040,Will Ferrell,False,False,False
2041,Will Smith,False,False,False
2042,Willem Dafoe,False,False,False
2043,William Conrad,False,False,False
2044,William Devane,False,False,False
2045,William H. Macy,False,False,True
2046,William Holden,False,False,False
2047,William Hurt,False,True,False
2048,William L. Petersen,False,False,False
2049,William O. Campbell,False,False,False
2050,Winona Ryder,True,False,True
2051,Women on the Verge of a Nervous Breakdown,False,False,False
2052,Woody Allen,False,False,False
2053,Woody Harrelson,False,False,True
2054,Woody Strode,False,False,False
"2056,""Year of the Quiet Sun, A"",False,False,False"
2057,Yoko Shimada,True,False,False
2058,Yol,False,False,False
2059,Yul Brynner,False,False,False
2060,Yves Montand,False,False,False
2061,Yvette Mimieux,False,False,False
2062,Yvonne Crowley,False,False,False
2063,Yvonne Elliman,False,False,False
2064,Yvonne Mitchell,False,True,False
2065,Yvonne Strahovski,False,False,False
2066,Zach Braff,False,False,False
2067,Zalman King,False,False,False
2068,Zbigniew Cybulski,False,False,False
2069,Zero Mostel,False,False,False
2070,Zhang Ziyi,False,False,False
2071,Ziyi Zhang,False,False,False
2072,Zooey Deschanel,False,False,False
